trade_date,value
2019-01-02,3.285
2019-01-03,3.246
2019-01-04,3.215
2019-01-07,3.141
2019-01-08,3.093
2019-01-09,3.065
2019-01-10,3.031
2019-01-11,3.007
2019-01-14,2.984
2019-01-15,2.962
2019-01-16,2.942
2019-01-17,2.93
2019-01-18,2.918
2019-01-21,2.915
2019-01-22,2.914
2019-01-23,2.909
2019-01-24,2.904
2019-01-25,2.902
2019-01-28,2.901
2019-01-29,2.9
2019-01-30,2.901
2019-01-31,2.9
2019-02-01,2.9
2019-02-11,2.898
2019-02-12,2.872
2019-02-13,2.852
2019-02-14,2.83
2019-02-15,2.802
2019-02-18,2.797
2019-02-19,2.778
2019-02-20,2.759
2019-02-21,2.749
2019-02-22,2.749
2019-02-25,2.752
2019-02-26,2.756
2019-02-27,2.756
2019-02-28,2.751
2019-03-01,2.75
2019-03-04,2.75
2019-03-05,2.75
2019-03-06,2.75
2019-03-07,2.751
2019-03-08,2.755
2019-03-11,2.7565
2019-03-12,2.761
2019-03-13,2.768
2019-03-14,2.777
2019-03-15,2.799
2019-03-18,2.814
2019-03-19,2.823
2019-03-20,2.833
2019-03-21,2.838
2019-03-22,2.837
2019-03-25,2.836
2019-03-26,2.828
2019-03-27,2.819
2019-03-28,2.807
2019-03-29,2.801
2019-04-01,2.795
2019-04-02,2.786
2019-04-03,2.767
2019-04-04,2.758
2019-04-08,2.754
2019-04-09,2.751
2019-04-10,2.755
2019-04-11,2.76
2019-04-12,2.761
2019-04-15,2.768
2019-04-16,2.774
2019-04-17,2.787
2019-04-18,2.806
2019-04-19,2.817
2019-04-22,2.822
2019-04-23,2.833
2019-04-24,2.855
2019-04-25,2.88
2019-04-26,2.896
2019-04-29,2.923
2019-04-30,2.93
2019-05-06,2.934
2019-05-07,2.922
2019-05-08,2.91
2019-05-09,2.903
2019-05-10,2.895
2019-05-13,2.889
2019-05-14,2.891
2019-05-15,2.893
2019-05-16,2.896
2019-05-17,2.9
2019-05-20,2.9
2019-05-21,2.9
2019-05-22,2.903
2019-05-23,2.901
2019-05-24,2.902
2019-05-27,2.904
2019-05-28,2.915
2019-05-29,2.917
2019-05-30,2.916
2019-05-31,2.912
2019-06-03,2.904
2019-06-04,2.902
2019-06-05,2.916
2019-06-06,2.924
2019-06-10,2.932
2019-06-11,2.94
2019-06-12,2.943
2019-06-13,2.944
2019-06-14,2.947
2019-06-17,2.947
2019-06-18,2.943
2019-06-19,2.929
2019-06-20,2.911
2019-06-21,2.895
2019-06-24,2.859
2019-06-25,2.809
2019-06-26,2.758
2019-06-27,2.722
2019-06-28,2.708
2019-07-01,2.681
2019-07-02,2.657
2019-07-03,2.641
2019-07-04,2.627
2019-07-05,2.606
2019-07-08,2.603
2019-07-09,2.601
2019-07-10,2.6
2019-07-11,2.6
2019-07-12,2.6
2019-07-15,2.6
2019-07-16,2.609
2019-07-17,2.613
2019-07-18,2.623
2019-07-19,2.631
2019-07-22,2.628
2019-07-23,2.628
2019-07-24,2.625
2019-07-25,2.625
2019-07-26,2.629
2019-07-29,2.631
2019-07-30,2.636
2019-07-31,2.644
2019-08-01,2.646
2019-08-02,2.649
2019-08-05,2.646
2019-08-06,2.635
2019-08-07,2.623
2019-08-08,2.618
2019-08-09,2.618
2019-08-12,2.625
2019-08-13,2.644
2019-08-14,2.656
2019-08-15,2.661
2019-08-16,2.666
2019-08-19,2.669
2019-08-20,2.671
2019-08-21,2.674
2019-08-22,2.682
2019-08-23,2.69
2019-08-26,2.694
2019-08-27,2.7
2019-08-28,2.702
2019-08-29,2.7002
2019-08-30,2.701
2019-09-02,2.7
2019-09-03,2.701
2019-09-04,2.702
2019-09-05,2.704
2019-09-06,2.708
2019-09-09,2.707
2019-09-10,2.707
2019-09-11,2.707
2019-09-12,2.709
2019-09-16,2.71
2019-09-17,2.708
2019-09-18,2.706
2019-09-19,2.709
2019-09-20,2.717
2019-09-23,2.725
2019-09-24,2.729
2019-09-25,2.729
2019-09-26,2.732
2019-09-27,2.726
2019-09-30,2.728
2019-10-08,2.724
2019-10-09,2.72
2019-10-10,2.718
2019-10-11,2.718
2019-10-14,2.722
2019-10-15,2.731
2019-10-16,2.732
2019-10-17,2.736
2019-10-18,2.746
2019-10-21,2.763
2019-10-22,2.793
2019-10-23,2.808
2019-10-24,2.824
2019-10-25,2.831
2019-10-28,2.84
2019-10-29,2.847
2019-10-30,2.864
2019-10-31,2.887
2019-11-01,2.897
2019-11-04,2.919
2019-11-05,2.933
2019-11-06,2.948
2019-11-07,2.953
2019-11-08,2.953
2019-11-11,2.955
2019-11-12,2.965
2019-11-13,2.981
2019-11-14,3.0
2019-11-15,3.02
2019-11-18,3.032
2019-11-19,3.033
2019-11-20,3.032
2019-11-21,3.034
2019-11-22,3.037
2019-11-25,3.029
2019-11-26,3.02
2019-11-27,3.019
2019-11-28,3.016
2019-11-29,3.017
2019-12-02,3.017
2019-12-03,3.015
2019-12-04,3.019
2019-12-05,3.022
2019-12-06,3.0245
2019-12-09,3.025
2019-12-10,3.028
2019-12-11,3.03
2019-12-12,3.0305
2019-12-13,3.0325
2019-12-16,3.0324
2019-12-17,3.036
2019-12-18,3.04
2019-12-19,3.043
2019-12-20,3.041
2019-12-23,3.04
2019-12-24,3.0335
2019-12-25,3.0325
2019-12-26,3.0295
2019-12-27,3.0255
2019-12-30,3.021
2019-12-31,3.02
2020-01-02,2.994
2020-01-03,2.96
2020-01-06,2.92
2020-01-07,2.899
2020-01-08,2.881
2020-01-09,2.867
2020-01-10,2.864
2020-01-13,2.858
2020-01-14,2.862
2020-01-15,2.865
2020-01-16,2.868
2020-01-17,2.868
2020-01-19,2.863
2020-01-20,2.86
2020-01-21,2.859
2020-01-22,2.858
2020-01-23,2.858
2020-02-03,2.852
2020-02-04,2.824
2020-02-05,2.799
2020-02-06,2.776
2020-02-07,2.753
2020-02-10,2.723
2020-02-11,2.679
2020-02-12,2.639
2020-02-13,2.605
2020-02-14,2.565
2020-02-17,2.545
2020-02-18,2.525
2020-02-19,2.51
2020-02-20,2.5
2020-02-21,2.489
2020-02-24,2.476
2020-02-25,2.459
2020-02-26,2.442
2020-02-27,2.433
2020-02-28,2.429
2020-03-02,2.408
2020-03-03,2.375
2020-03-04,2.332
2020-03-05,2.29
2020-03-06,2.258
2020-03-09,2.238
2020-03-10,2.225
2020-03-11,2.224
2020-03-12,2.223
2020-03-13,2.202
2020-03-16,2.175
2020-03-17,2.145
2020-03-18,2.12
2020-03-19,2.104
2020-03-20,2.087
2020-03-23,2.072
2020-03-24,2.056
2020-03-25,2.01
2020-03-26,1.977
2020-03-27,1.966
2020-03-30,1.948
2020-03-31,1.933
2020-04-01,1.918
2020-04-02,1.889
2020-04-03,1.844
2020-04-07,1.73
2020-04-08,1.647
2020-04-09,1.558
2020-04-10,1.507
2020-04-13,1.485
2020-04-14,1.46
2020-04-15,1.447
2020-04-16,1.428
2020-04-17,1.403
2020-04-20,1.394
2020-04-21,1.396
2020-04-22,1.391
2020-04-23,1.396
2020-04-24,1.396
2020-04-27,1.397
2020-04-28,1.398
2020-04-29,1.399
2020-04-30,1.4
2020-05-06,1.4
2020-05-07,1.4
2020-05-08,1.4
2020-05-09,1.399
2020-05-11,1.398
2020-05-12,1.398
2020-05-13,1.398
2020-05-14,1.399
2020-05-15,1.399
2020-05-18,1.398
2020-05-19,1.399
2020-05-20,1.399
2020-05-21,1.4
2020-05-22,1.4
2020-05-25,1.4
2020-05-26,1.405
2020-05-27,1.415
2020-05-28,1.43
2020-05-29,1.453
2020-06-01,1.456
2020-06-02,1.462
2020-06-03,1.494
2020-06-04,1.536
2020-06-05,1.594
2020-06-08,1.658
2020-06-09,1.727
2020-06-10,1.816
2020-06-11,1.904
2020-06-12,1.956
2020-06-15,1.987
2020-06-16,2.019
2020-06-17,2.056
2020-06-18,2.078
2020-06-19,2.095
2020-06-22,2.097
2020-06-23,2.109
2020-06-24,2.121
2020-06-29,2.127
2020-06-30,2.126
2020-07-01,2.122
2020-07-02,2.113
2020-07-03,2.105
2020-07-06,2.104
2020-07-07,2.103
2020-07-08,2.111
2020-07-09,2.122
2020-07-10,2.143
2020-07-13,2.163
2020-07-14,2.192
2020-07-15,2.241
2020-07-16,2.286
2020-07-17,2.356
2020-07-20,2.404
2020-07-21,2.466
2020-07-22,2.501
2020-07-23,2.541
2020-07-24,2.557
2020-07-27,2.574
2020-07-28,2.578
2020-07-29,2.586
2020-07-30,2.59
2020-07-31,2.593
2020-08-03,2.595
2020-08-04,2.598
2020-08-05,2.6
2020-08-06,2.6
2020-08-07,2.603
2020-08-10,2.601
2020-08-11,2.6
2020-08-12,2.601
2020-08-13,2.601
2020-08-14,2.601
2020-08-17,2.602
2020-08-18,2.6
2020-08-19,2.6
2020-08-20,2.601
2020-08-21,2.601
2020-08-24,2.604
2020-08-25,2.606
2020-08-26,2.612
2020-08-27,2.621
2020-08-28,2.63
2020-08-31,2.636
2020-09-01,2.64
2020-09-02,2.646
2020-09-03,2.654
2020-09-04,2.661
2020-09-07,2.676
2020-09-08,2.688
2020-09-09,2.693
2020-09-10,2.695
2020-09-11,2.697
2020-09-14,2.697
2020-09-15,2.696
2020-09-16,2.688
2020-09-17,2.686
2020-09-18,2.679
2020-09-21,2.673
2020-09-22,2.67
2020-09-23,2.67
2020-09-24,2.668
2020-09-25,2.668
2020-09-28,2.673
2020-09-29,2.684
2020-09-30,2.691
2020-10-09,2.708
2020-10-12,2.722
2020-10-13,2.734
2020-10-14,2.757
2020-10-15,2.774
2020-10-16,2.786
2020-10-19,2.803
2020-10-20,2.829
2020-10-21,2.855
2020-10-22,2.877
2020-10-23,2.895
2020-10-26,2.913
2020-10-27,2.933
2020-10-28,2.952
2020-10-29,2.96
2020-10-30,2.972
2020-11-02,2.982
2020-11-03,2.989
2020-11-04,2.993
2020-11-05,2.996
2020-11-06,3.001
2020-11-09,3.001
2020-11-10,3.002
2020-11-11,3.002
2020-11-12,3.002
2020-11-13,3.003
2020-11-16,3.002
2020-11-17,3.003
2020-11-18,3.009
2020-11-19,3.014
2020-11-20,3.021
2020-11-23,3.047
2020-11-24,3.069
2020-11-25,3.077
2020-11-26,3.113
2020-11-27,3.136
2020-11-30,3.123
2020-12-01,3.109
2020-12-02,3.103
2020-12-03,3.089
2020-12-04,3.083
2020-12-07,3.076
2020-12-08,3.073
2020-12-09,3.05
2020-12-10,3.024
2020-12-11,3.016
2020-12-14,3.0
2020-12-15,2.983
2020-12-16,2.952
2020-12-17,2.905
2020-12-18,2.855
2020-12-21,2.818
2020-12-22,2.796
2020-12-23,2.787
2020-12-24,2.776
2020-12-25,2.766
2020-12-28,2.761
2020-12-29,2.757
2020-12-30,2.755
2020-12-31,2.756
2021-01-04,2.746
2021-01-05,2.734
2021-01-06,2.707
2021-01-07,2.677
2021-01-08,2.645
2021-01-11,2.618
2021-01-12,2.599
2021-01-13,2.59
2021-01-14,2.582
2021-01-15,2.581
2021-01-18,2.578
2021-01-19,2.573
2021-01-20,2.575
2021-01-21,2.578
2021-01-22,2.578
2021-01-25,2.579
2021-01-26,2.589
2021-01-27,2.619
2021-01-28,2.705
2021-01-29,2.765
2021-02-01,2.773
2021-02-02,2.775
2021-02-03,2.776
2021-02-04,2.776
2021-02-05,2.779
2021-02-08,2.791
2021-02-09,2.808
2021-02-10,2.812
2021-02-18,2.815
2021-02-19,2.824
2021-02-22,2.845
2021-02-23,2.848
2021-02-24,2.843
2021-02-25,2.836
2021-02-26,2.833
2021-03-01,2.813
2021-03-02,2.804
2021-03-03,2.794
2021-03-04,2.781
2021-03-05,2.766
2021-03-08,2.749
2021-03-09,2.74
2021-03-10,2.737
2021-03-11,2.733
2021-03-12,2.719
2021-03-15,2.709
2021-03-16,2.705
2021-03-17,2.704
2021-03-18,2.703
2021-03-19,2.698
2021-03-22,2.694
2021-03-23,2.689
2021-03-24,2.681
2021-03-25,2.6685
2021-03-26,2.65
2021-03-29,2.642
2021-03-30,2.639
2021-03-31,2.635
2021-04-01,2.635
2021-04-02,2.634
2021-04-06,2.629
2021-04-07,2.62
2021-04-08,2.615
2021-04-09,2.612
2021-04-12,2.608
2021-04-13,2.605
2021-04-14,2.603
2021-04-15,2.602
2021-04-16,2.601
2021-04-19,2.6
2021-04-20,2.6
2021-04-21,2.6
2021-04-22,2.6
2021-04-23,2.6
2021-04-26,2.594
2021-04-27,2.592
2021-04-28,2.592
2021-04-29,2.585
2021-04-30,2.58
2021-05-06,2.576
2021-05-07,2.569
2021-05-10,2.542
2021-05-11,2.536
2021-05-12,2.532
2021-05-13,2.525
2021-05-14,2.521
2021-05-17,2.514
2021-05-18,2.51
2021-05-19,2.505
2021-05-20,2.497
2021-05-21,2.489
2021-05-24,2.49
2021-05-25,2.485
2021-05-26,2.479
2021-05-27,2.474
2021-05-28,2.476
2021-05-31,2.479
2021-06-01,2.478
2021-06-02,2.469
2021-06-03,2.454
2021-06-04,2.444
2021-06-07,2.446
2021-06-08,2.443
2021-06-09,2.442
2021-06-10,2.435
2021-06-11,2.434
2021-06-15,2.434
2021-06-16,2.439
2021-06-17,2.441
2021-06-18,2.444
2021-06-21,2.449
2021-06-22,2.457
2021-06-23,2.457
2021-06-24,2.455
2021-06-25,2.456
2021-06-28,2.457
2021-06-29,2.458
2021-06-30,2.458
2021-07-01,2.457
2021-07-02,2.449
2021-07-05,2.444
2021-07-06,2.442
2021-07-07,2.442
2021-07-08,2.435
2021-07-09,2.435
2021-07-12,2.428
2021-07-13,2.423
2021-07-14,2.414
2021-07-15,2.405
2021-07-16,2.404
2021-07-19,2.401
2021-07-20,2.402
2021-07-21,2.402
2021-07-22,2.402
2021-07-23,2.402
2021-07-26,2.402
2021-07-27,2.401
2021-07-28,2.401
2021-07-29,2.401
2021-07-30,2.401
2021-08-02,2.4
2021-08-03,2.394
2021-08-04,2.385
2021-08-05,2.373
2021-08-06,2.368
2021-08-09,2.36
2021-08-10,2.365
2021-08-11,2.363
2021-08-12,2.36
2021-08-13,2.359
2021-08-16,2.355
2021-08-17,2.355
2021-08-18,2.355
2021-08-19,2.354
2021-08-20,2.353
2021-08-23,2.353
2021-08-24,2.353
2021-08-25,2.354
2021-08-26,2.354
2021-08-27,2.354
2021-08-30,2.355
2021-08-31,2.357
2021-09-01,2.358
2021-09-02,2.356
2021-09-03,2.356
2021-09-06,2.355
2021-09-07,2.355
2021-09-08,2.357
2021-09-09,2.357
2021-09-10,2.357
2021-09-13,2.357
2021-09-14,2.361
2021-09-15,2.363
2021-09-16,2.365
2021-09-17,2.372
2021-09-22,2.385
2021-09-23,2.39
2021-09-24,2.397
2021-09-27,2.408
2021-09-28,2.417
2021-09-29,2.427
2021-09-30,2.431
2021-10-08,2.433
2021-10-11,2.423
2021-10-12,2.423
2021-10-13,2.42
2021-10-14,2.423
2021-10-15,2.4222
2021-10-18,2.422
2021-10-19,2.428
2021-10-20,2.431
2021-10-21,2.432
2021-10-22,2.434
2021-10-25,2.438
2021-10-26,2.443
2021-10-27,2.445
2021-10-28,2.448
2021-10-29,2.449
2021-11-01,2.449
2021-11-02,2.45
2021-11-03,2.452
2021-11-04,2.451
2021-11-05,2.451
2021-11-08,2.452
2021-11-09,2.454
2021-11-10,2.454
2021-11-11,2.454
2021-11-12,2.454
2021-11-15,2.46
2021-11-16,2.463
2021-11-17,2.467
2021-11-18,2.473
2021-11-19,2.475
2021-11-22,2.477
2021-11-23,2.48
2021-11-24,2.482
2021-11-25,2.484
2021-11-26,2.486
2021-11-29,2.489
2021-11-30,2.492
2021-12-01,2.494
2021-12-02,2.496
2021-12-03,2.499
2021-12-06,2.492
2021-12-07,2.488
2021-12-08,2.489
2021-12-09,2.49
2021-12-10,2.492
2021-12-13,2.493
2021-12-14,2.493
2021-12-15,2.493
2021-12-16,2.491
2021-12-17,2.492
2021-12-20,2.492
2021-12-21,2.493
2021-12-22,2.494
2021-12-23,2.496
2021-12-24,2.5
2021-12-27,2.5
2021-12-28,2.5
2021-12-29,2.5
2021-12-30,2.501
2021-12-31,2.5
2022-01-04,2.5
2022-01-05,2.5
2022-01-06,2.5
2022-01-07,2.5
2022-01-10,2.5
2022-01-11,2.5
2022-01-12,2.5
2022-01-13,2.5
2022-01-14,2.5
2022-01-17,2.499
2022-01-18,2.493
2022-01-19,2.483
2022-01-20,2.471
2022-01-21,2.466
2022-01-24,2.465
2022-01-25,2.464
2022-01-26,2.46
2022-01-27,2.457
2022-01-28,2.457
2022-02-07,2.454
2022-02-08,2.448
2022-02-09,2.447
2022-02-10,2.442
2022-02-11,2.432
2022-02-14,2.424
2022-02-15,2.415
2022-02-16,2.41
2022-02-17,2.406
2022-02-18,2.4
2022-02-21,2.392
2022-02-22,2.385
2022-02-23,2.383
2022-02-24,2.379
2022-02-25,2.374
2022-02-28,2.37
2022-03-01,2.366
2022-03-02,2.365
2022-03-03,2.363
2022-03-04,2.362
2022-03-07,2.36
2022-03-08,2.361
2022-03-09,2.359
2022-03-10,2.362
2022-03-11,2.362
2022-03-14,2.362
2022-03-15,2.363
2022-03-16,2.366
2022-03-17,2.367
2022-03-18,2.368
2022-03-21,2.368
2022-03-22,2.369
2022-03-23,2.368
2022-03-24,2.369
2022-03-25,2.369
2022-03-28,2.37
2022-03-29,2.372
2022-03-30,2.371
2022-03-31,2.373
2022-04-01,2.372
2022-04-06,2.37
2022-04-07,2.36
2022-04-08,2.363
2022-04-11,2.357
2022-04-12,2.351
2022-04-13,2.347
2022-04-14,2.343
2022-04-15,2.336
2022-04-18,1.403
2022-04-19,1.294
2022-04-20,1.303
2022-04-21,1.294
2022-04-22,1.255
2022-04-24,1.302
2022-04-25,1.303
2022-04-26,1.306
2022-04-27,1.303
2022-04-28,1.301
2022-04-29,1.838
2022-05-05,1.783
2022-05-06,1.351
2022-05-07,1.294
2022-05-09,1.309
2022-05-10,1.305
2022-05-11,1.325
2022-05-12,1.309
2022-05-13,1.31
2022-05-16,1.311
2022-05-17,1.325
2022-05-18,2.078
2022-05-19,2.067
2022-05-20,2.05
2022-05-23,2.021
2022-05-24,2.013
2022-05-25,2.009
2022-05-26,1.99
2022-05-27,1.995
2022-05-30,1.997
2022-05-31,1.998
2022-06-01,1.998
2022-06-02,1.999
2022-06-06,2.001
2022-06-07,2.003
2022-06-08,2.003
2022-06-09,2.003
2022-06-10,2.0
2022-06-13,2.002
2022-06-14,2.002
2022-06-15,2.002
2022-06-16,2.0
2022-06-17,2.0
2022-06-20,2.0
2022-06-21,2.0
2022-06-22,2.0
2022-06-23,2.0
2022-06-24,2.0
2022-06-27,2.0
2022-06-28,2.0
2022-06-29,2.0
2022-06-30,2.0
2022-07-01,2.0
2022-07-04,2.0
2022-07-05,2.0
2022-07-06,1.998
2022-07-07,1.995
2022-07-08,1.9925
2022-07-11,1.9895
2022-07-12,1.9855
2022-07-13,1.9835
2022-07-14,1.979
2022-07-15,1.977
2022-07-18,1.974
2022-07-19,1.948
2022-07-20,1.924
2022-07-21,1.909
2022-07-22,1.893
2022-07-25,1.881
2022-07-26,1.872
2022-07-27,1.863
2022-07-28,1.854
2022-07-29,1.846
2022-08-01,1.825
2022-08-02,1.799
2022-08-03,1.767
2022-08-04,1.729
2022-08-05,1.699
2022-08-08,1.667
2022-08-09,1.647
2022-08-10,1.637
2022-08-11,1.629
2022-08-12,1.622
2022-08-15,1.607
2022-08-16,1.599
2022-08-17,1.598
2022-08-18,1.598
2022-08-19,1.597
2022-08-22,1.5956
2022-08-23,1.594
2022-08-24,1.593
2022-08-25,1.593
2022-08-26,1.594
2022-08-29,1.596
2022-08-30,1.599
2022-08-31,1.6
2022-09-01,1.6
2022-09-02,1.6
2022-09-05,1.6
2022-09-06,1.6
2022-09-07,1.6
2022-09-08,1.601
2022-09-09,1.6
2022-09-13,1.599
2022-09-14,1.599
2022-09-15,1.599
2022-09-16,1.599
2022-09-19,1.601
2022-09-20,1.606
2022-09-21,1.607
2022-09-22,1.609
2022-09-23,1.612
2022-09-26,1.621
2022-09-27,1.634
2022-09-28,1.652
2022-09-29,1.666
2022-09-30,1.673
2022-10-08,1.676
2022-10-09,1.674
2022-10-10,1.679
2022-10-11,1.678
2022-10-12,1.671
2022-10-13,1.677
2022-10-14,1.68
2022-10-17,1.684
2022-10-18,1.686
2022-10-19,1.691
2022-10-20,1.697
2022-10-21,1.702
2022-10-24,1.71
2022-10-25,1.724
2022-10-26,1.734
2022-10-27,1.741
2022-10-28,1.743
2022-10-31,1.745
2022-11-01,1.75
2022-11-02,1.752
2022-11-03,1.752
2022-11-04,1.754
2022-11-07,1.769
2022-11-08,1.781
2022-11-09,1.807
2022-11-10,1.838
2022-11-11,1.868
2022-11-14,1.912
2022-11-15,2.009
2022-11-16,2.116
2022-11-17,2.213
2022-11-18,2.238
2022-11-21,2.241
2022-11-22,2.248
2022-11-23,2.25
2022-11-24,2.195
2022-11-25,2.188
2022-11-28,2.185
2022-11-29,2.186
2022-11-30,2.193
2022-12-01,2.197
2022-12-02,2.2
2022-12-05,2.201
2022-12-06,2.207
2022-12-07,2.231
2022-12-08,2.25
2022-12-09,2.259
2022-12-12,2.273
2022-12-13,2.283
2022-12-14,2.298
2022-12-15,2.321
2022-12-16,2.339
2022-12-19,2.355
2022-12-20,2.361
2022-12-21,2.384
2022-12-22,2.395
2022-12-23,2.402
2022-12-26,2.405
2022-12-27,2.411
2022-12-28,2.416
2022-12-29,2.418
2022-12-30,2.422
2023-01-03,2.415
2023-01-04,2.38
2023-01-05,2.352
2023-01-06,2.335
2023-01-09,2.331
2023-01-10,2.338
2023-01-11,2.347
2023-01-12,2.353
2023-01-13,2.353
2023-01-16,2.356
2023-01-17,2.366
2023-01-18,2.374
2023-01-19,2.376
2023-01-20,2.377
2023-01-28,2.373
2023-01-29,2.367
2023-01-30,2.365
2023-01-31,2.364
2023-02-01,2.362
2023-02-02,2.36
2023-02-03,2.357
2023-02-06,2.359
2023-02-07,2.36
2023-02-08,2.365
2023-02-09,2.37
2023-02-10,2.371
2023-02-13,2.371
2023-02-14,2.373
2023-02-15,2.379
2023-02-16,2.383
2023-02-17,2.385
2023-02-20,2.392
2023-02-21,2.397
2023-02-22,2.403
2023-02-23,2.406
2023-02-24,2.416
2023-02-27,2.423
2023-02-28,2.437
2023-03-01,2.45
2023-03-02,2.459
2023-03-03,2.466
2023-03-06,2.469
2023-03-07,2.476
2023-03-08,2.486
2023-03-09,2.491
2023-03-10,2.497
2023-03-13,2.498
2023-03-14,2.499
2023-03-15,2.5
2023-03-16,2.5
2023-03-17,2.5
2023-03-20,2.492
2023-03-21,2.487
2023-03-22,2.479
2023-03-23,2.476
2023-03-24,2.473
2023-03-27,2.468
2023-03-28,2.464
2023-03-29,2.456
2023-03-30,2.454
2023-03-31,2.448
2023-04-03,2.429
2023-04-04,2.423
2023-04-06,2.414
2023-04-07,2.41
2023-04-10,2.414
2023-04-11,2.415
2023-04-12,2.418
2023-04-13,2.421
2023-04-14,2.422
2023-04-17,2.424
2023-04-18,2.426
2023-04-19,2.432
2023-04-20,2.429
2023-04-21,2.429
2023-04-23,2.429
2023-04-24,2.43
2023-04-25,2.43
2023-04-26,2.43
2023-04-27,2.43
2023-04-28,2.428
2023-05-04,2.414
2023-05-05,2.401
2023-05-06,2.393
2023-05-08,2.386
2023-05-09,2.377
2023-05-10,2.363
2023-05-11,2.349
2023-05-12,2.325
2023-05-15,2.311
2023-05-16,2.294
2023-05-17,2.288
2023-05-18,2.278
2023-05-19,2.269
2023-05-22,2.262
2023-05-23,2.255
2023-05-24,2.252
2023-05-25,2.243
2023-05-26,2.238
2023-05-29,2.233
2023-05-30,2.223
2023-05-31,2.219
2023-06-01,2.213
2023-06-02,2.199
2023-06-05,2.193
2023-06-06,2.186
2023-06-07,2.181
2023-06-08,2.177
2023-06-09,2.161
2023-06-12,2.148
2023-06-13,2.134
2023-06-14,2.12
2023-06-15,2.106
2023-06-16,2.105
2023-06-19,2.114
2023-06-20,2.126
2023-06-21,2.135
2023-06-25,2.144
2023-06-26,2.148
2023-06-27,2.155
2023-06-28,2.161
2023-06-29,2.167
2023-06-30,2.168
2023-07-03,2.165
2023-07-04,2.164
2023-07-05,2.158
2023-07-06,2.147
2023-07-07,2.138
2023-07-10,2.128
2023-07-11,2.118
2023-07-12,2.109
2023-07-13,2.107
2023-07-14,2.101
2023-07-17,2.1
2023-07-18,2.1
2023-07-19,2.1
2023-07-20,2.1
2023-07-21,2.1
2023-07-24,2.1
2023-07-25,2.1
2023-07-26,2.099
2023-07-27,2.098
2023-07-28,2.098
2023-07-31,2.097
2023-08-01,2.098
2023-08-02,2.098
2023-08-03,2.092
2023-08-04,2.085
2023-08-07,2.08
2023-08-08,2.075
2023-08-09,2.074
2023-08-10,2.067
2023-08-11,2.065
2023-08-14,2.063
2023-08-15,2.045
2023-08-16,2.04
2023-08-17,2.03
2023-08-18,2.026
2023-08-21,2.024
2023-08-22,2.019
2023-08-23,2.016
2023-08-24,2.016
2023-08-25,2.014
2023-08-28,2.02
2023-08-29,2.028
2023-08-30,2.036
2023-08-31,2.043
2023-09-01,2.044
2023-09-04,2.044
2023-09-05,2.046
2023-09-06,2.052
2023-09-07,2.067
2023-09-08,2.081
2023-09-11,2.094
2023-09-12,2.104
2023-09-13,2.117
2023-09-14,2.144
2023-09-15,2.165
2023-09-18,2.194
2023-09-19,2.221
2023-09-20,2.243
2023-09-21,2.26
2023-09-22,2.273
2023-09-25,2.282
2023-09-26,2.294
2023-09-27,2.303
2023-09-28,2.302
2023-10-07,2.3
2023-10-08,2.3
2023-10-09,2.3
2023-10-10,2.302
2023-10-11,2.304
2023-10-12,2.305
2023-10-13,2.308
2023-10-16,2.309
2023-10-17,2.313
2023-10-18,2.321
2023-10-19,2.333
2023-10-20,2.34
2023-10-23,2.35
2023-10-24,2.364
2023-10-25,2.378
2023-10-26,2.39
2023-10-27,2.399
2023-10-30,2.406
2023-10-31,2.415
2023-11-01,2.421
2023-11-02,2.426
2023-11-03,2.43
2023-11-06,2.438
2023-11-07,2.445
2023-11-08,2.449
2023-11-09,2.45
2023-11-10,2.451
2023-11-13,2.451
2023-11-14,2.452
2023-11-15,2.453
2023-11-16,2.457
2023-11-17,2.4611
2023-11-20,2.461
2023-11-21,2.461
2023-11-22,2.462
2023-11-23,2.462
2023-11-24,2.462
2023-11-27,2.463
2023-11-28,2.465
2023-11-29,2.481
2023-11-30,2.493
2023-12-01,2.503
2023-12-04,2.519
2023-12-05,2.533
2023-12-06,2.537
2023-12-07,2.554
2023-12-08,2.564
2023-12-11,2.572
2023-12-12,2.585
2023-12-13,2.593
2023-12-14,2.597
2023-12-15,2.601
2023-12-18,2.603
2023-12-19,2.601
2023-12-20,2.601
2023-12-21,2.604
2023-12-22,2.604
2023-12-25,2.601
2023-12-26,2.6
2023-12-27,2.59
2023-12-28,2.556
2023-12-29,2.53
2024-01-02,2.45
2024-01-03,2.423
2024-01-04,2.399
2024-01-05,2.396
2024-01-08,2.396
2024-01-09,2.397
2024-01-10,2.4
2024-01-11,2.4
2024-01-12,2.4
2024-01-15,2.4
2024-01-16,2.401
2024-01-17,2.402
2024-01-18,2.4
2024-01-19,2.4
2024-01-22,2.4
2024-01-23,2.4
2024-01-24,2.4
2024-01-25,2.4
2024-01-26,2.4
2024-01-29,2.4
2024-01-30,2.398
2024-01-31,2.388
2024-02-01,2.375
2024-02-02,2.369
2024-02-04,2.363
2024-02-05,2.35
2024-02-06,2.345
2024-02-07,2.342
2024-02-08,2.334
2024-02-09,2.33
2024-02-18,2.318
2024-02-19,2.303
2024-02-20,2.27
2024-02-21,2.243
2024-02-22,2.219
2024-02-23,2.214
2024-02-26,2.208
2024-02-27,2.204
2024-02-28,2.1989
2024-02-29,2.193
2024-03-01,2.182
2024-03-04,2.171
2024-03-05,2.167
2024-03-06,2.165
2024-03-07,2.164
2024-03-08,2.16
2024-03-11,2.159
2024-03-12,2.158
2024-03-13,2.159
2024-03-14,2.161
2024-03-15,2.163
2024-03-18,2.163
2024-03-19,2.163
2024-03-20,2.16
2024-03-21,2.162
2024-03-22,2.163
2024-03-25,2.159
2024-03-26,2.16
2024-03-27,2.159
2024-03-28,2.156
2024-03-29,2.156
2024-04-01,2.157
2024-04-02,2.151
2024-04-03,2.143
2024-04-07,2.141
2024-04-08,2.133
2024-04-09,2.12
2024-04-10,2.117
2024-04-11,2.105
2024-04-12,2.09
2024-04-15,2.071
2024-04-16,2.058
2024-04-17,2.049
2024-04-18,2.041
2024-04-19,2.035
2024-04-22,2.027
2024-04-23,2.018
2024-04-24,2.014
2024-04-25,1.999
2024-04-26,1.993
2024-04-28,1.994
2024-04-29,2.005
2024-04-30,2.002
2024-05-06,2.001
2024-05-07,1.996
2024-05-08,1.99
2024-05-09,1.991
2024-05-10,1.989
2024-05-11,1.988
2024-05-13,1.983
2024-05-14,1.977
2024-05-15,1.975
2024-05-16,1.969
2024-05-17,1.963
2024-05-20,1.958
2024-05-21,1.958
2024-05-22,1.958
2024-05-23,1.957
2024-05-24,1.958
2024-05-27,1.958
2024-05-28,1.957
2024-05-29,1.957
2024-05-30,1.957
2024-05-31,1.955
2024-06-03,1.953
2024-06-04,1.949
2024-06-05,1.948
2024-06-06,1.948
2024-06-07,1.949
2024-06-11,1.947
2024-06-12,1.943
2024-06-13,1.94
2024-06-14,1.939
2024-06-17,1.935
2024-06-18,1.934
2024-06-19,1.929
2024-06-20,1.927
2024-06-21,1.923
2024-06-24,1.922
2024-06-25,1.921
2024-06-26,1.919
2024-06-27,1.918
2024-06-28,1.918
2024-07-01,1.917
2024-07-02,1.917
2024-07-03,1.914
2024-07-04,1.91
2024-07-05,1.908
2024-07-08,1.907
2024-07-09,1.907
2024-07-10,1.906
2024-07-11,1.904
2024-07-12,1.899
2024-07-15,1.897
2024-07-16,1.897
2024-07-17,1.896
2024-07-18,1.897
2024-07-19,1.895
2024-07-22,1.894
2024-07-23,1.888
2024-07-24,1.887
2024-07-25,1.882
2024-07-26,1.877
2024-07-29,1.869
2024-07-30,1.865
2024-07-31,1.86
2024-08-01,1.857
2024-08-02,1.853
2024-08-05,1.849
2024-08-06,1.844
2024-08-07,1.839
2024-08-08,1.835
2024-08-09,1.8335
2024-08-12,1.833
2024-08-13,1.837
2024-08-14,1.838
2024-08-15,1.84
2024-08-16,1.838
2024-08-19,1.837
2024-08-20,1.838
2024-08-21,1.84
2024-08-22,1.843
2024-08-23,1.844
2024-08-26,1.845
2024-08-27,1.849
2024-08-28,1.85
2024-08-29,1.85
2024-08-30,1.85
2024-09-02,1.85
2024-09-03,1.85
2024-09-04,1.85
2024-09-05,1.85
2024-09-06,1.85
2024-09-09,1.85
2024-09-10,1.851
2024-09-11,1.851
2024-09-12,1.85
2024-09-13,1.85
2024-09-14,1.85
2024-09-18,1.85
2024-09-19,1.851
2024-09-20,1.852
2024-09-23,1.854
2024-09-24,1.85
2024-09-25,1.845
2024-09-26,1.836
2024-09-27,1.835
2024-09-29,1.836
2024-09-30,1.84
2024-10-08,1.84
2024-10-09,1.841
2024-10-10,1.841
2024-10-11,1.841
2024-10-12,1.841
2024-10-14,1.841
2024-10-15,1.842
2024-10-16,1.846
2024-10-17,1.855
2024-10-18,1.858
2024-10-21,1.864
2024-10-22,1.869
2024-10-23,1.873
2024-10-24,1.879
2024-10-25,1.883
2024-10-28,1.884
2024-10-29,1.884
2024-10-30,1.884
2024-10-31,1.884
2024-11-01,1.879
2024-11-04,1.878
2024-11-05,1.877
2024-11-06,1.876
2024-11-07,1.87
2024-11-08,1.864
2024-11-11,1.862
2024-11-12,1.859
2024-11-13,1.859
2024-11-14,1.858
2024-11-15,1.856
2024-11-18,1.856
2024-11-19,1.856
2024-11-20,1.857
2024-11-21,1.86
2024-11-22,1.86
2024-11-25,1.86
2024-11-26,1.86
2024-11-27,1.859
2024-11-28,1.858
2024-11-29,1.852
2024-12-02,1.825
2024-12-03,1.795
2024-12-04,1.772
2024-12-05,1.762
2024-12-06,1.755
2024-12-09,1.753
2024-12-10,1.748
2024-12-11,1.744
2024-12-12,1.74
2024-12-13,1.735
2024-12-16,1.725
2024-12-17,1.718
2024-12-18,1.715
2024-12-19,1.712
2024-12-20,1.708
2024-12-23,1.705
2024-12-24,1.6985
2024-12-25,1.693
2024-12-26,1.6922
2024-12-27,1.69
2024-12-30,1.685
2024-12-31,1.6855
2025-01-02,1.6825
2025-01-03,1.677
2025-01-06,1.663
2025-01-07,1.655
2025-01-08,1.652
2025-01-09,1.645
2025-01-10,1.643
2025-01-13,1.648
2025-01-14,1.658
2025-01-15,1.6665
2025-01-16,1.674
2025-01-17,1.677
2025-01-20,1.687
2025-01-21,1.6935
2025-01-22,1.693
2025-01-23,1.694
2025-01-24,1.697
2025-01-26,1.6995
2025-01-27,1.702
2025-02-05,1.707
2025-02-06,1.71
2025-02-07,1.711
2025-02-08,1.712
2025-02-10,1.714
2025-02-11,1.721
2025-02-12,1.726
2025-02-13,1.73
2025-02-14,1.738
2025-02-17,1.75
2025-02-18,1.763
2025-02-19,1.7702
2025-02-20,1.7802
2025-02-21,1.7912
2025-02-24,1.797
2025-02-25,1.818
2025-02-26,1.8555
2025-02-27,1.89
2025-02-28,1.922
2025-03-03,1.946
2025-03-04,1.9625
2025-03-05,1.975
2025-03-06,1.982
2025-03-07,1.991
2025-03-10,2.005
2025-03-11,2.01
2025-03-12,2.015
2025-03-13,2.012
2025-03-14,2.004
2025-03-17,1.994
2025-03-18,1.992
2025-03-19,1.987
2025-03-20,1.98
2025-03-21,1.968
2025-03-24,1.961
2025-03-25,1.942
2025-03-26,1.934
2025-03-27,1.924
2025-03-28,1.921
2025-03-31,1.912
2025-04-01,1.907
2025-04-02,1.902
2025-04-03,1.871
2025-04-07,1.824
2025-04-08,1.81
2025-04-09,1.806
2025-04-10,1.8
2025-04-11,1.786
2025-04-14,1.777
2025-04-15,1.775
2025-04-16,1.772
2025-04-17,1.767
2025-04-18,1.761
2025-04-21,1.759
2025-04-22,1.755
2025-04-23,1.753
2025-04-24,1.75
2025-04-25,1.75
2025-04-27,1.75
2025-04-28,1.75
2025-04-29,1.75
2025-04-30,1.75
2025-05-06,1.748
2025-05-07,1.737
2025-05-08,1.72
2025-05-09,1.696
2025-05-12,1.672
2025-05-13,1.662
2025-05-14,1.653
2025-05-15,1.645
2025-05-16,1.647
2025-05-19,1.645
2025-05-20,1.642
2025-05-21,1.64
2025-05-22,1.64
2025-05-23,1.642
2025-05-26,1.643
2025-05-27,1.644
2025-05-28,1.647
2025-05-29,1.652
2025-05-30,1.652
2025-06-03,1.652
2025-06-04,1.652
2025-06-05,1.652
2025-06-06,1.651
2025-06-09,1.649
2025-06-10,1.645
2025-06-11,1.642
2025-06-12,1.639
2025-06-13,1.638
2025-06-16,1.636
2025-06-17,1.634
2025-06-18,1.63
2025-06-19,1.63
2025-06-20,1.629
2025-06-23,1.629
2025-06-24,1.629
2025-06-25,1.63
2025-06-26,1.63
2025-06-27,1.63
2025-06-30,1.63
2025-07-01,1.628
2025-07-02,1.6195
2025-07-03,1.606
2025-07-04,1.597
2025-07-07,1.579
2025-07-08,1.57
2025-07-09,1.562
2025-07-10,1.559
2025-07-11,1.557
2025-07-14,1.561
2025-07-15,1.559
2025-07-16,1.559
2025-07-17,1.557
2025-07-18,1.555
2025-07-21,1.553
2025-07-22,1.549
2025-07-23,1.551
2025-07-24,1.553
2025-07-25,1.559
2025-07-28,1.56
2025-07-29,1.56
2025-07-30,1.564
2025-07-31,1.566
2025-08-01,1.563
2025-08-04,1.559
2025-08-05,1.558
2025-08-06,1.559
2025-08-07,1.56
2025-08-08,1.5544
2025-08-11,1.549
2025-08-12,1.548
2025-08-13,1.548
2025-08-14,1.549
2025-08-15,1.547
2025-08-18,1.549
2025-08-19,1.55
2025-08-20,1.55
2025-08-21,1.55
2025-08-22,1.55
2025-08-25,1.55
2025-08-26,1.55
2025-08-27,1.55
2025-08-28,1.55
2025-08-29,1.55
2025-09-01,1.549
2025-09-02,1.549
2025-09-03,1.55
2025-09-04,1.55
2025-09-05,1.55
2025-09-08,1.55
2025-09-09,1.551
2025-09-10,1.553
2025-09-11,1.553
2025-09-12,1.553
2025-09-15,1.553
2025-09-16,1.553
2025-09-17,1.554
2025-09-18,1.556
2025-09-19,1.562
2025-09-22,1.562
2025-09-23,1.562
2025-09-24,1.566
2025-09-25,1.574
2025-09-26,1.576
2025-09-28,1.58
2025-09-29,1.58
2025-09-30,1.58
2025-10-09,1.579
2025-10-10,1.578
2025-10-11,1.581
2025-10-13,1.58
2025-10-14,1.581
2025-10-15,1.581
2025-10-16,1.581
2025-10-17,1.58
2025-10-20,1.582
2025-10-21,1.586
2025-10-22,1.592
2025-10-23,1.594
2025-10-24,1.594
2025-10-27,1.595
2025-10-28,1.599
2025-10-29,1.599
2025-10-30,1.597
2025-10-31,1.596
2025-11-03,1.595
2025-11-04,1.594
2025-11-05,1.589
2025-11-06,1.5875
2025-11-07,1.584
2025-11-10,1.58
2025-11-11,1.58
2025-11-12,1.58
2025-11-13,1.58
2025-11-14,1.58
2025-11-17,1.58
2025-11-18,1.58
2025-11-19,1.58
2025-11-20,1.579
2025-11-21,1.578
2025-11-24,1.58
2025-11-25,1.58
2025-11-26,1.579
2025-11-27,1.58
2025-11-28,1.58
2025-12-01,1.58
2025-12-02,1.58
2025-12-03,1.58
2025-12-04,1.58
2025-12-05,1.58
2025-12-08,1.58
2025-12-09,1.581
2025-12-10,1.582
2025-12-11,1.584
2025-12-12,1.585
2025-12-15,1.591
2025-12-16,1.595
2025-12-17,1.601
2025-12-18,1.603
2025-12-19,1.6022
2025-12-22,1.601
2025-12-23,1.6
2025-12-24,1.6
2025-12-25,1.6
2025-12-26,1.6
2025-12-29,1.6
2025-12-30,1.6
2025-12-31,1.6
2026-01-04,1.598
2026-01-05,1.596
2026-01-06,1.596
2026-01-07,1.597
2026-01-08,1.595
2026-01-09,1.595
2026-01-12,1.598
2026-01-13,1.6
2026-01-14,1.6
2026-01-15,1.6
2026-01-16,1.6
2026-01-19,1.6
2026-01-20,1.6
2026-01-21,1.6
2026-01-22,1.598
2026-01-23,1.598
2026-01-26,1.5978
2026-01-27,1.5968
2026-01-28,1.5947
2026-01-29,1.591
2026-01-30,1.589
2026-02-02,1.5889
2026-02-03,1.5859
2026-02-04,1.5846
2026-02-05,1.5805
2026-02-06,1.58
2026-02-09,1.58
2026-02-10,1.58
2026-02-11,1.58
2026-02-12,1.58
2026-02-13,1.579
2026-02-14,1.58
2026-02-24,1.578
2026-02-25,1.5778
2026-02-26,1.5748
2026-02-27,1.569
2026-02-28,1.5679
2026-03-02,1.5678
2026-03-03,1.565
2026-03-04,1.5605
2026-03-05,1.558
2026-03-06,1.5548
2026-03-09,1.5515
2026-03-10,1.5492
2026-03-11,1.547
2026-03-12,1.546
2026-03-13,1.542
2026-03-16,1.538
2026-03-17,1.5358
2026-03-18,1.532
2026-03-19,1.528
2026-03-20,1.522
2026-03-23,1.5182
2026-03-24,1.516
2026-03-25,1.5155
2026-03-26,1.5135
2026-03-27,1.509
2026-03-30,1.509
2026-03-31,1.507
2026-04-01,1.504
2026-04-02,1.4995
2026-04-03,1.493
2026-04-07,1.484
2026-04-08,1.4795
2026-04-09,1.476
2026-04-10,1.4715
2026-04-13,1.466
2026-04-14,1.4635
2026-04-15,1.4615
2026-04-16,1.455
2026-04-17,1.4525
2026-04-20,1.449
2026-04-21,1.442
2026-04-22,1.4375
2026-04-23,1.4345
2026-04-24,1.4275
2026-04-27,1.429
2026-04-28,1.424
2026-04-29,1.4195
2026-04-30,1.416
